{
  "images" : [
    {
      "idiom" : "universal",
      "scale" : "1x"
    },
    {
      "filename" : "pic_shop_lie_button@2x.png",
      "idiom" : "universal",
      "resizing" : {
        "cap-insets" : {
          "left" : 56,
          "right" : 52
        },
        "center" : {
          "mode" : "tile",
          "width" : 1
        },
        "mode" : "3-part-horizontal"
      },
      "scale" : "2x"
    },
    {
      "filename" : "pic_shop_lie_button@3x.png",
      "idiom" : "universal",
      "resizing" : {
        "cap-insets" : {
          "left" : 75,
          "right" : 78
        },
        "center" : {
          "mode" : "tile",
          "width" : 1
        },
        "mode" : "3-part-horizontal"
      },
      "scale" : "3x"
    }
  ],
  "info" : {
    "author" : "xcode",
    "version" : 1
  }
}
